{
  "qList": [
    {
      "question":"What state is well known for its forest fires?",
      "answer":"1"
    },
    {
      "question":"What state has the worlds most active volcano?",
      "answer":"2"
    },
    {
      "question":"Minnesota is the nations largest state.",
      "answer":"2"
    },
    {
      "question":"What US state is the farthest south?",
      "answer":"1"
    },
    {
      "question":"True or false: Hawaii became a state on August 21, 1959 ",
      "answer":"1"
    },
    {
      "question":"Select the US state that is the farthest north",
      "answer":"1"
    }
  ]}